struts.xml
------------------------------------------------------------------------------------

<?xml version="1.0" encoding="UTF-8"?>
<!DOCTYPE struts PUBLIC
 "-//Apache Software Foundation//DTD Struts Configuration 2.0//EN"
 "http://struts.apache.org/dtds/struts-2.0.dtd">
 <struts>
 <package name="default" extends="struts-default" namespace="/">
 <action name="get" class="com.example.Mystruts.Myaction">
 <result name="success">success.jsp</result>
 <result name="error">error.jsp</result>
 </action>
 <action name="registar" class="com.example.Mystruts.registar">
 <result name="success">success1.jsp</result>
 <result name="error">error.jsp</result>
 </action>
 
 
 
 </package>
 </struts>
